Brand Name,Product Image,View on Amazon
"<a href=""#1"">Eureka NEN110B Whirlwind Bagless Canister Cleaner</a>","<img src=""https://sefsky.com/wp-content/uploads/2020/12/1-Eureka-NEN110B-Whirlwind-Bagless-Canister-Cleaner.jpg"" width=""80"" height=""40"" class=""aligncenter size-full wp-image-1006""/>","<a href=""https://amzn.to/2KSqLrz"" 
<img src=""http://sefsky.com/wp-content/uploads/2019/09/button-1.svg"" alt="""" width=""200"" height=""100""></a>"
"<a href=""#2"">Miele Electro+ Canister Vacuum</a>","<img src=""https://sefsky.com/wp-content/uploads/2020/12/2-Miele-Electro-Canister-Vacuum.jpg"" width=""80"" height=""40"" class=""aligncenter size-full wp-image-1006""/>","<a href=""https://amzn.to/3n39jhh"" 
<img src=""http://sefsky.com/wp-content/uploads/2019/09/button-1.svg"" alt="""" width=""200"" height=""100""></a>"
"<a href=""#3"">Eureka Mighty Mite 3670G Corded Canister Vacuum Cleaner</a>","<img src=""https://sefsky.com/wp-content/uploads/2020/12/3-Eureka-Mighty-Mite-3670G-Corded-Canister-Vacuum-Cleaner.jpg"" width=""80"" height=""40"" class=""aligncenter size-full wp-image-1006""/>","<a href=""https://amzn.to/3pP0Gsz"" 
<img src=""http://sefsky.com/wp-content/uploads/2019/09/button-1.svg"" alt="""" width=""200"" height=""100""></a>"
"<a href=""#4"">Ovente Bagless Canister Cyclonic Vacuum</a>","<img src=""https://sefsky.com/wp-content/uploads/2020/12/4-Ovente-Bagless-Canister-Cyclonic-Vacuum.jpg"" width=""80"" height=""40"" class=""aligncenter size-full wp-image-1006""/>","<a href=""https://amzn.to/3rFPMa4"" 
<img src=""http://sefsky.com/wp-content/uploads/2019/09/button-1.svg"" alt="""" width=""200"" height=""100""></a>"
"<a href=""#5"">Bissell Zing Canister, 2156A Vacuum</a>","<img src=""https://sefsky.com/wp-content/uploads/2020/12/5-Bissell-Zing-Canister-2156A-Vacuum.jpg"" width=""80"" height=""40"" class=""aligncenter size-full wp-image-1006""/>","<a href=""https://amzn.to/2X14GcI"" 
<img src=""http://sefsky.com/wp-content/uploads/2019/09/button-1.svg"" alt="""" width=""200"" height=""100""></a>"
"<a href=""#6"">Miele Blizzard CX1 Electro & Bagless Canister Vacuum</a>","<img src=""https://sefsky.com/wp-content/uploads/2020/12/6-Miele-Blizzard-CX1-Electro-Bagless-Canister-Vacuum.jpg"" width=""80"" height=""40"" class=""aligncenter size-full wp-image-1006""/>","<a href=""https://amzn.to/3pGuesf"" 
<img src=""http://sefsky.com/wp-content/uploads/2019/09/button-1.svg"" alt="""" width=""200"" height=""100""></a>"
"<a href=""#7"">Oreck Commercial BB900DGR XL Pro 5 Vacuum
</a>","<img src=""https://sefsky.com/wp-content/uploads/2020/12/7-Oreck-Commercial-BB900DGR-XL-Pro-5-Vacuum.jpg"" width=""80"" height=""40"" class=""aligncenter size-full wp-image-1006""/>","<a href=""https://amzn.to/3b01ma7"" 
<img src=""http://sefsky.com/wp-content/uploads/2019/09/button-1.svg"" alt="""" width=""200"" height=""100""></a>"
"<a href=""#8"">Atrix - AHC-1 Turbo Red Canister Vacuum
</a>","<img src=""https://sefsky.com/wp-content/uploads/2020/12/8-Atrix-AHC-1-Turbo-Red-Canister-Vacuum.jpg"" width=""80"" height=""40"" class=""aligncenter size-full wp-image-1006""/>","<a href=""https://amzn.to/3aWOpy0"" 
<img src=""http://sefsky.com/wp-content/uploads/2019/09/button-1.svg"" alt="""" width=""200"" height=""100""></a>"
"<a href=""#9"">Atrix Canister Revo Red Vacuum</a>","<img src=""https://sefsky.com/wp-content/uploads/2020/12/9-Atrix-Canister-Revo-Red-Vacuum.jpg"" width=""80"" height=""40"" class=""aligncenter size-full wp-image-1006""/>","<a href=""https://amzn.to/38LQnOV"" 
<img src=""http://sefsky.com/wp-content/uploads/2019/09/button-1.svg"" alt="""" width=""200"" height=""100""></a>"
"<a href=""#10"">Oreck Compact Canister Vacuum</a>","<img src=""https://sefsky.com/wp-content/uploads/2020/12/10-Oreck-Compact-Canister-Vacuum.jpg"" width=""80"" height=""40"" class=""aligncenter size-full wp-image-1006""/>","<a href=""https://amzn.to/34X0i2R"" 
<img src=""http://sefsky.com/wp-content/uploads/2019/09/button-1.svg"" alt="""" width=""200"" height=""100""></a>"
